feature,abs_corr
OverallQual,0.8078468117313922
GrLivArea,0.7079464432709524
GarageCars,0.6529467572038852
GarageArea,0.6362843768066095
TotalBsmtSF,0.6234201610389348
1stFlrSF,0.6013650655214863
FullBath,0.5677861125890615
YearBuilt,0.5666195976612582
YearRemodAdd,0.5414351334706488
TotRmsAbvGrd,0.5116112767936333
